ID,prediction,efs
28800,0.5,0.15256618223104973
28801,0.5,0.5512715026852573
28802,0.5,0.09297956215184072
